Name,Price,Ingredients
Garnier Ultimate Serum Duo Set,£14.39,"Vitamin C Serum: Aqua / Water, Glycerin, Alcohol, Dipropylene Glycol, Butylene Glycol, Niacinamide, PEG/PPG/Polybutylene, Glycol-8/5/3, Glycerin, Hydroxyethylpiperazine, Ethane Sulfonic Acid, BIS-PEG-18 Methyl Ether, Dimethyl Silane, Isononyl Isononanoate, 3-O-Ethyl Ascorbic Acid, Citrus Junos Fruit Extract, Citrus Limon Fruit Extract / Lemon Fruit Extract, Sodium Citrate, Sodium Hyaluronate, Adenosine, Phenylethyl Resorcinol, Ammonium, Polyacryloyldimethyl Taurate, Disodium EDTA, Hydrogenated Lecithin, Citric Acid, Maltodextrin, Xanthan Gum, Oxothiazolidinecarboxylic Acid, Tocopherol, Tocopheryl Acetate, Salicylic Acid, Phenoxyethanol, Linalool, Geraniol, Limonene, Benzyl Alcohol, Benzyl Salicylate, Parfum / Fragrance (F.I.L Z280802/1)."
La Roche-Posay Anthelios UVMune 400 Invisible Fluid SPF50+ Sun Cream 50ml,£15.92,"Aqua / Water, Alcohol Denat., Triethyl Citrate, Diisopropyl Sebacate, Silica, Ethylhexyl Salicylate, Bis-Ethylhexyloxyphenol Methoxyphenyl Triazine, Ethylhexyl Triazone, Butyl Methoxydibenzoylmethane, Glycerin, Propanediol, C12-22 Alkyl Acrylate/Hydroxyethylacrylate Copolymer, Sodium Citrate, Methoxypropylamino Cyclohexenylidene Ethoxyethylcyanoacetate, Perlite, Tocopherol, Caprylic/Capric Triglyceride, Acrylates/C10-30 Alkyl Acrylate Crosspolymer, Caprylyl Glycol, Citric Acid, Diethylamino Hydroxybenzoyl Hexyl Benzoate, Drometrizole Trisiloxane, Hydroxyethylcellulose, Terephthalylidene Dicamphor Sulfonic Acid, Triethanolamine, Trisodium Ethylenediamine Disuccinate."
VICHY Mineral 89 Hyaluronic Acid Bundle,£46.00,"Face: Aqua / Water / Eau, Peg/Ppg/Polybutylene Glycol-8/5/3 Glycerin, Glycerin, Butylene Glycol, Methyl Gluceth-20, Carbomer, Sodium Hyaluronate, Phenoxyethanol, Caprylyl Glycol, Citric Acid, Biosaccharide Gum-1. Code F.I.L.: D201455/1."
The INKEY List Oat Cleansing Balm 150ml,£8.95,"Prunus Amygdalus Dulcis (Sweet Almond) Oil, Cetearyl Alcohol, PEG-6 Caprylic/Capric Glycerides, Avena Sativa (Oat) Kernel Oil, Candelilla Cera (Cire de candelilla), Silica, Sorbitan Stearate, Tribehenin, PEG-60 Almond Glycerides, Avena Sativa (Oat) Kernel Flour, Aqua (Water/Eau), Benzyl Alcohol, Phenoxyethanol, Lecithin, 1,2-Hexanediol, Ascorbyl Palmitate, Tocopherol, Biosaccharide Gum-4, Helianthus Annuus (Sunflower) Seed Oil."
CeraVe Advanced Repair Ointment for Very Dry and Chapped Skin 88ml,£14.00,"Petrolatum, Paraffinum Liquidum / Mineral Oil, Cera Microcristallina / Microcrystalline Wax, Paraffin, Caprylic/Capric Triglyceride, Dimethicone, Aqua / Water, Ceramide Np, Ceramide Ap, Ceramide Eop, Carbomer, Triethyl Citrate, Sodium Lauroyl Lactylate, Sodium Hyaluronate, Cholesterol, Tocopheryl Acetate, Tocopherol, Caprylyl Glycol, Synthetic Wax, Panthenol, Phytosphingosine, Xanthan Gum, Benzoic Acid (F.I.L. Y70029424/1)."
The Ordinary Hyaluronic Acid 2% + B5 30ml,£7.90,"Aqua (Water), Sodium Hyaluronate, Sodium Hyaluronate Crosspolymer, Panthenol, Ahnfeltia Concinna Extract, Glycerin, Pentylene Glycol, Propanediol, Polyacrylate Crosspolymer-6, Ppg-26-Buteth-26, Peg-40 Hydrogenated Castor Oil, Trisodium Ethylenediamine Disuccinate, Citric Acid, Ethoxydiglycol, Caprylyl Glycol, Hexylene Glycol, Ethylhexylglycerin, Phenoxyethanol, Chlorphenesin."
Murad Cellular Hydration Barrier Repair Cream 48g,£69.00,"Water/Aqua/Eau, Squalane, Glycerin, Cocoglycerides, Pentylene Glycol, Hydrogenated Rapeseed Oil, Vaccinium Myrtillus Seed Oil, Isopentyldiol, C10-18 Triglycerides, Niacinamide, Candelilla/Jojoba/Rice Bran Polyglyceryl-3 Esters, Polyglyceryl-10 Distearate, 4-T-Butylcyclohexanol, Potassium Cetyl Phosphate, Allantoin, Galacturonan, Bisabolol, Cetylhydroxyproline Palmitamide, Brassica Campestris (Rapeseed) Sterols, Hydroxyphenyl Propamidobenzoic Acid, Urea, Yeast Amino Acids, Trehalose, Inositol, Taurine, Betaine, Hydroxyacetophenone, Tocopherol, Ascorbyl Palmitate, Hexyldecanol, Ethylhexylglycerin, Butylene Glycol, Glyceryl Stearate, Cetearyl Alcohol, Sodium Polyacrylate, Sodium Polyacryloyldimethyl Taurate, Sodium Stearoyl Lactylate, Xanthan Gum, Stearic Acid, Xylitol, Caprylic Acid, Leuconostoc/Radish Root Ferment Filtrate, Tetrasodium Glutamate Diacetate, Citric Acid, Chlorphenesin, Dehydroacetic Acid, Caprylyl Glycol, Limonene, Linalool, Fragrance (Parfum)."
La Roche-Posay Cicaplast Balm B5 Multi-Purpose Repairing Balm 100ml,£18.00,Aqua Hydrogenated Polyisobutene Dimethicone Glycerin Butyrospermum Parkii Butter Panthenol Propanediol Butylene Glycol Aluminum Starch Octenylsuccinate Cetyl Peg/Ppg-1/1 Dimethicone Trihydroxystearin Ci 77891 Tocopherol Madecassoside Acetylated Glycol Stearate Magnesium Sulfate Polyglyceryl-4 Isostearate Silica Manganese Gluconate Zinc Gluconate Pentaerythrityl Tetra-Di-T-Butyl Hydroxyhydrocinnamate Capryloyl Glycine Copper Gluconate Disodium Edta Citric Acid Aluminum Hydroxide.
Elemis Pro-Collagen Trio,£120.00,"Pro-Collagen Marine Cream: Aqua/Water/Eau, Glycerin, Caprylic/Capric Triglyceride, Glyceryl Stearate SE, Isononyl Isononanoate, Dicaprylyl Carbonate, Dimethicone, Triticum Vulgare (Wheat) Germ Oil, Butyrospermum Parkii (Shea) Butter, Chlorella Vulgaris Extract, Padina Pavonica Thallus Extract, Daucus Carota Sativa (Carrot) Root Extract, Porphyridium Cruentum Extract, Acacia Decurrens (Mimosa) Flower Extract, Rosa Centifolia (Rose) Flower Extract, Ginkgo Biloba Leaf Extract, Tocopherol, Phenoxyethanol, Polyacrylate-13, Stearic Acid, Tocopheryl Acetate (Vitamin E), Coco-Caprylate, Cetyl Alcohol, Xanthan Gum, Glyceryl Polyacrylate, Polyisobutene, Fragrance (Parfum), Citric Acid, Chlorphenesin, Glyceryl Acrylate/Acrylic Acid Copolymer, Sodium Dehydroacetate, Disodium EDTA, Polysorbate 20, Sorbitan Isostearate, Linalool, Citronellol, Potassium Sorbate, Sodium Benzoate, Geraniol, Limonene."
Murad Cellular Hydration Barrier Repair Mask 77g,£55.00,"Water/Aqua/Eau, Glycerin, Pentylene Glycol, Caprylic/Capric Triglyceride, Vaccinium Myrtillus Seed Oil, Butyrospermum Parkii (Shea) Butter, Diisostearyl Malate, Glyceryl Behenate, 4-t-Butylcyclohexanol, Linoleic Acid, Phospholipids, Phytosterols, Epilobium Angustifolium Flower/Leaf/Stem Extract, Hibiscus Sabdariffa Extract, Urea, Yeast Amino Acids, Trehalose, Inositol, Taurine, Betaine, Tocopherol, Jojoba Esters, Allantoin, Helianthus Annuus (Sunflower) Seed Wax, Erythritol, Ethylhexylglycerin, Butylene Glycol, Polyglycerin-3, Hydroxyphenyl Propamidobenzoic Acid, Arachidyl Alcohol, Hectorite, Glyceryl Stearates, Cetearyl Alcohol, Cetyl Alcohol, Stearyl Alcohol, Behenyl Alcohol, Coco-Glucoside, Sodium Stearoyl Glutamate, Acrylates/C10-30 Alkyl Acrylate Crosspolymer, Arachidyl Glucoside, Xanthan Gum, Tetrasodium Glutamate Diacetate, Sodium Hydroxide, Citric Acid, Leuconostoc/Radish Root Ferment Filtrate, Glucose, Ascorbyl Palmitate, Aspergillus Ferment, Chlorphenesin."
Myvitamins Hair Skin and Nails Gummies,£19.99,"Glucose Syrup, Sucrose, Water, Vitamin C, Gelling Agent (Pectin), Apple Juice Concentrate, Blueberry Juice Concentrate, Acid (Citrc Acid, Lactic Acid), Zinc, Selenium, Acidity Regulator (Sodium Citrate), Natural Blueberry and Strawberry Flavouring, Vitamin E, Colour (Anthocyanins), Glazing Agents (Coconut Oil, Carnauba Wax), Acidity Regulator (Sodium Hexametaphosphate), Vitamin B12, Vitamin A, Vitamin B6, Vitamin D3, Biotin."
Murad Cellular Hydration Barrier Repair Serum 28g,£72.00,"Water/Aqua/Eau, Glycerin, Pentylene Glycol, Vaccinium Myrtillus Seed Oil, C14-22 Alcohols, Persea Gratissima (Avocado) Oil, Lactobacillus Ferment, Salix Alba (Willow) Extract, Zanthoxylum Bungeanum Fruit Extract, Sodium Hyaluronate Crosspolymer, Hexapeptide-9, Urea, Yeast Amino Acids, Trehalose, Inositol, Taurine, Betaine, Hydroxyacetophenone, Tocopherol, Oleyl Alcohol, Ethylhexylglycerin, Pullulan, C12-20 Alkyl Glucoside, Sclerotium Gum, Lysolecithin, Xanthan Gum, Silica, Glucose, Leuconostoc/Radish Root Ferment Filtrate, Tetrasodium Glutamate Diacetate, Sodium Hydroxide, Chlorphenesin, Limonene, Linalool, Fragrance (Parfum)."
The Ordinary The Power of Peptides Set,£26.32,"Lash and Brow Serum: Aqua, Glycerin, Butylene Glycol, Myristoyl Pentapeptide-17, Biotinoyl Tripeptide-1, Oligopeptide-2, Acetyl Tetrapeptide-3, Caffeine, Panthenol, Arginine, Glycine, Glycoproteins, Larix Europaea Wood Extract, Trifolium Pratense Flower Extract, Camellia Sinensis Leaf Extract, Dextran, Maltodextrin, Zinc Chloride, Hydroxyethylcellulose, Xanthan Gum, Trisodium Ethylenediamine Disuccinate, Polysorbate 20, Sodium Metabisulfite, Caprylyl Glycol, 1,2-Hexanediol, Sodium Benzoate, Benzoic Acid, Ethylhexylglycerin, Phenoxyethanol, Chlorphenesin."
By Terry Hyaluronic Global Face Cream 50ml,£66.00,"Aqua / Water / Eau, Butylene Glycol, Caprylic/Capric Triglyceride, Niacinamide, Squalane, 1,2-Hexanediol, Behenyl Alcohol, Ammonium Acryloyldimethyltaurate/Vp Copolymer, Sodium Hyaluronate, Disodium Edta, Hydroxypropyltrimonium Hyaluronate, Hydrolyzed Hyaluronic Acid, Sodium Acetylated Hyaluronate, Hydrolyzed Sodium Hyaluronate, Hyaluronic Acid, Sodium Hyaluronate Crosspolymer, Potassium Hyaluronate. (T3361a2)."
LANEIGE Lip Hydration Heroes (Worth £42.00),£42.00,"Berry: Diisostearyl Malate, Hydrogenated Polyisobutene, Phyto-Steryl/Isostearyl/Cetyl/Stearyl/Behenyl Dimer Dilinoleate, Hydrogenated Poly(C6-14 Olefin), Polybutene, Microcrystalline Wax / Cera Microcristallina / Cire Microcri[1]Stalline, Butyrospermum Parkii (Shea) Butter, Synthetic Wax, Ethylene/Propylene/ Styrene Copolymer, Sucrose Tetrastearate Triacetate, Mica, Euphorbia Cerifera (Candelilla) Wax / Euphorbia Cerifera Cera / Cire De Candelilla, Candelilla Wax Esters, Astrocaryum Murumuru Seed Butter, Titanium Dioxide (Ci 77891), Fragrance / Parfum, Glyceryl Caprylate, Polyglyceryl-2 Diisostearate, Butylene/Ethylene/Styrene Copolymer, Copernicia Cerifera (Carnauba) Wax / Copernicia Cerifera Cera / Cire De Carnauba, Methicone, Polyglyceryl-2 Triisostearate, Cocos Nucifera (Coconut) Oil, Yellow 6 Lake (Ci 15985), Pentaerythrityl Tetra-Di-T-Butyl Hydroxyhydrocinnamate, Red 6 (Ci 15850), Ascorbic Acid, Water / Aqua / Eau, Glycerin, Propanediol, Bht, Punica Granatum Fruit Juice, Rubus Idaeus (Raspberry) Juice, Vitis Vinifera (Grape) Juice."
Murad Under the Microscope: The Recovery Specialists (Worth £83.00),£34.80,"Cleanser: Water/Aqua/Eau, Sodium Laureth Sulfate, Cocamidopropyl Betaine, Jojoba Esters, Acrylates Copolymer, Glycol Stearate, Butylene Glycol, Sodium PCA, Dipotassium Glycyrrhizate, Sodium Ascorbyl Phosphate, Glycolic Acid, Lactic Acid, Salicylic Acid, Polyquaternium-4, Sodium Hydroxide, Sodium Chloride, Citric Acid, Disodium EDTA, Phenoxyethanol, Methylparaben, Propylparaben."
L'Oréal Paris Revitalift Pure Vitamin C Serum and SPF 50+ Invisible Fluid Face Duo,£22.50,"Vitamin C Serum: Aqua / Water, Ascorbic Acid, Dimethicone, Glycerin, Alcohol Denat., Potassium Hydroxide, Polysilicone-11, Pentaerythrityl Tetraethylhexanoate, Acetyl Dipeptide-1 Cetyl Ester, Adenosine, Sodium Hyaluronate, Tocopherol, Silica, Ammonium Polyacryloyldimethyl Taurate, Butylene Glycol, Caprylyl Glycol, C13-14 Isoparaffin, Hydroxyethylcellulose, Laureth-7, Peg-20 Methyl Glucose Sesquistearate, Poloxamer 338, Polyacrylamide, Sorbitan Laurate, Xanthan Gum, Bis-peg/ppg-16/16 Peg/ppg-16/16 Dimethicone, Caprylic/capric Triglyceride, Pentaerythrityl
Tetra-di-t-butyl Hydroxyhydrocinnamate, Salicylic Acid, Parfum / Fragrance. (F.I.L. Z70013603/1).

SPF50+ Anti-Uv Fluid: Aqua / Water, Alcohol Denat., Diisopropyl Sebacate, Silica, Isopropyl Myristate, Ethylhexyl Salicylate, Ethylhexyl Triazone, Bis-Ethylhexyloxyphenol Methoxyphenyl Triazine, Butyl Methoxydibenzoylmethane, Glycerin, Propanediol, C12-22 Alkyl Acrylate/Hydroxyethylacrylate Copolymer, Drometrizole Trisiloxane, Perlite, Caprylic/Capric Triglyceride, Tocopherol, Ascorbyl Glucoside, Hydroxyacetophenone, Hydroxyethylcellulose, Sodium Hyaluronate, Triethanolamine, Trisodium Ethylenediamine Disuccinate, Caprylyl Glycol, Terephthalylidene Dicamphor Sulfonic Acid, Acrylates/C10-30 Alkyl Acrylate Crosspolymer, Parfum / Fragrance. (F.I.L. Z70013153/1)."
Medik8 C-Tetra Serum 30ml,£30.70,"Simmondsia Chinensis (Jojoba) Seed Oil, Cyclopentasiloxane, Cyclohexasiloxane, Tetrahexyldecyl Ascorbate, Citrus Grandis (Grapefruit) Peel Oil, Tocopheryl Acetate, PPG-12/SMDI Copolymer, Limonene, Citral, Linalool, Geraniol."
By Terry Hyaluronic Global Serum 30ml,£85.00,"Aqua / Water / Eau, Glycerin, Niacinamide, Propanediol, Squalane, 1,2-Hexanediol, Caprylic/Capric Triglyceride, C14-22 Alcohols, Polysorbate 60, Oleth-20, Glyceryl Stearate, C12-20 Alkyl Glucoside, Arginine, Acrylates/C10-30 Alkyl Acrylate Crosspolymer, Carbomer, Sodium Hyaluronate, Terminalia Ferdinandiana Fruit Extract, Xanthan Gum, Hydroxypropyltrimonium Hyaluronate, Sodium Phytate, Ethylhexylglycerin, Magnesium Chloride, Tetradecyl Aminobutyroylvalylaminobutyric Urea Trifluoroacetate, Glucose, Hydrolyzed Hyaluronic Acid, Sodium Acetylated Hyaluronate, Hyaluronic Acid, Hydrolyzed Sodium Hyaluronate, Sodium Hyaluronate Crosspolymer, Potassium Hyaluronate, Ascorbic Acid."
Bobbi Brown Vitamin Mini Enriched Face Base 15ml,£19.00,"Water\Aqua\Eau, Cyclopentasiloxane, Bis-Diglyceryl Polyacyladipate-2, Butylene Glycol, Ppg-2 Myristyl Ether Propionate, Cetyl Alcohol, Peg-40 Stearate, Butyrospermum Parkii (Shea Butter), Squalane, Glyceryl Stearate, Sorbitan Stearate, Epilobium Angustifolium Extract, Yeast Extract\Faex\Extrait De Levure, Beta-Carotene, Sodium Hyaluronate, Citrus Grandis (Grapefruit) Peel Oil, Tocopheryl Acetate, Methyl Glucose Sesquistearate, Pelargonium Graveolens (Geranium) Flower Oil, Dimethicone Crosspolymer, Acrylates/C10-30 Alkyl Acrylate Crosspolymer, Carbomer, Peg-20 Methyl Glucose Sesquistearate, C12-15 Alkyl Ethylhexanoate, Tetrasodium Edta, Sodium Hydroxide, Panthenol, Magnesium Ascorbyl Phosphate, Limonene, Citronellol, Geraniol, Linalool, Chlorphenesin, Phenoxyethanol."
Aesop Mandarin Facial Hydrating Cream 60ml,£37.00,"Water (Aqua), Corylus Avellana (Hazel) Seed Oil, Glycerin, Stearic Acid, Cetearyl Alcohol, Ceteareth-20, Glyceryl Stearate, Rosa Canina Fruit Oil, Sesamum Indicum (Sesame) Seed Oil, Citrus Medica Limonum (Lemon) Peel Oil, Tocopherol, Phenoxyethanol, Citrus Tangerina (Tangerine) Peel Oil, Citrus Grandis (Grapefruit) Seed Extract, Triticum Vulgare (Wheat) Germ Oil, Citrus Nobilis (Mandarin Orange) Peel Oil, Disodium EDTA, Glycine Soja (Soybean) Oil, Daucus Carota Sativa (Carrot) Root Extract, Beta- Carotene, d-Limonene, Citral, Linalool. Contains nut derivatives."
The INKEY List Hyaluronic Acid Serum 30ml,£5.99,"Water (Aqua/Eau), Propanediol, Sodium Hyaluronate, Glycerin, Butylene Glycol, Phenoxyethanol, Ammonium Acryloyldimethyltaurate/Vp Copolymer, Leuconostoc/Radish Root Ferment Filtrate, Hyaluronic Acid, Carbomer, Sodium Lactate, Polysorbate 20, Palmitoyl Tetrapeptide-7, Palmitoyl Tripeptide-1."
REN Clean Skincare Ready Steady Glow Daily AHA Tonic 250ml,£23.07,"Aqua (Water), Sodium Lactate, Lactic Acid, Heptyl Glucoside, Potassium Azeloyl Diglycinate, Triethyl Citrate, Glyceryl Caprylate, Salix Nigra (Willow) Bark Extract, Benzoic Acid, Citrus Nobilis (Mandarin) Peel Oil, Citrus Aurantium Dulcis (Orange) Flower Oil, Citrus Grandis (Grapefruit) Peel Oil, Citrus Tangerina (Tangerine) Peel Oil, Heptanol, Parfum (Fragrance), Limonene."
The Ordinary Glycolic Acid 7% Toning Solution 240ml,£11.50,"Aqua (Water), Glycolic Acid, Rosa damascena flower water, Centaurea cyanus flower water, Aloe Barbadensis Leaf Water, Propanediol, Glycerin, Triethanolamine, Aminomethyl Propanol, Panax Ginseng Root Extract, Tasmannia Lanceolata Fruit/Leaf Extract, Aspartic Acid, Alanine, Glycine, Serine, Valine, Isoleucine, Proline, Threonine, Histidine, Phenylalanine, Glutamic Acid, Arginine, PCA, Sodium PCA, Sodium Lactate, Fructose, Glucose, Sucrose, Urea, Hexyl Nicotinate, Dextrin, Citric Acid, Polysorbate 20, Gellan Gum, Trisodium Ethylenediamine Disuccinate, Sodium Chloride, Hexylene Glycol, Potassium Sorbate, Sodium Benzoate, 1,2-Hexanediol, Caprylyl Glycol."
CeraVe Advanced Repair Ointment for Very Dry and Chapped Skin 50ml,£11.00,"Petrolatum, Paraffinum Liquidum / Mineral Oil, Cera Microcristallina / Microcrystalline Wax, Paraffin, Caprylic/Capric Triglyceride, Dimethicone, Aqua / Water, Ceramide Np, Ceramide Ap, Ceramide Eop, Carbomer, Triethyl Citrate, Sodium Lauroyl Lactylate, Sodium Hyaluronate, Cholesterol, Tocopheryl Acetate, Tocopherol, Caprylyl Glycol, Synthetic Wax, Panthenol, Phytosphingosine, Xanthan Gum, Benzoic Acid (F.I.L. Y70029424/1)."
The INKEY List Retinol Serum 30ml,£9.74,"Water (Aqua/Eau), Glycerin, Butylene Glycol, Propanediol, Dicaprylyl Carbonate, Tocopherol, Hydroxyethyl Acrylate/Sodium Acryloyldimethyl Taurate Copolymer, Squalane, Polysorbate 60 , Sorbitan Isostearate , Phenoxyethanol , Caprylyl Glycol, Phospholipids, Glycine Soja (Soybean) Oil, Glycolipids, Glycine Soja (Soybean) Sterols, Retinyl Acetate, Dimethicone, Leuconostoc/Radish Root Ferment Filtrate, Hyaluronic Acid, Dimethyl Isosorbide, Hydroxypinacolone Retinoate, Carbomer, Glycerin, Butylene Glycol, Carbomer, Polysorbate 20 , Palmitoyl Tripeptide-1, Palmitoyl Tetrapeptide-7, Sodium Lactate, Tocopheryl Acetate, Tetrasodium Glutamate Diacetate, Sodium Hydroxide, Sodium Hydroxide, Tetrahexyldecyl Ascorbate."
ESPA Optimal Skin Pro-Moisturiser 55ml,£40.00,"Aqua (Water), Coconut Alkanes, Polyglyceryl-6 Distearate, Helianthus Annuus (Sunflower) Seed Oil Unsaponifiables, Polyglyceryl-2 Stearate, Cetyl Stearate, Xylitylglucoside, Pectin, Inulin, Coco-Caprylate/Caprate, Plukenetia Volubilis Seed Oil, Propanediol, Ethylhexyl Palmitate, Caprylic/Capric Triglyceride, Glyceryl Stearate, Anhydroxylitol, Cetyl Alcohol, Phenoxyethanol, Stearyl Alcohol, Glycerin, Isostearyl Isostearate, Potassium Cetyl Phosphate, Jojoba Esters, Helianthus Annuus (Sunflower) Seed Oil, Limonene, Citrus Aurantium Dulcis (Orange) Peel Oil, Sclerotium Gum, Xylitol, Alpha-Glucan Oligosaccharide, Polyglyceryl-3 Beeswax, Benzoic Acid, Citrus Aurantium Amara (Bitter Orange) Flower Oil, Citrus Aurantium Bergamia (Bergamot) Fruit Oil, Citrus Nobilis (Mandarin Orange) Peel Oil, Fragrance* (Parfum), Sodium Hydroxide, Dehydroacetic Acid, Glucose, Alaria Esculenta Extract, Lonicera Caprifolium (Honeysuckle) Flower Extract, Linalool, Rosmarinus Officinalis (Rosemary) Leaf Extract, Asparagus Officinalis Stem Extract, Myrothamnus Flabellifolia Leaf/Stem Extract, Ethylhexylglycerin, Silica Dimethyl Silylate, Lonicera Japonica (Honeysuckle) Flower Extract, Sorbitol, Hydrolyzed Yeast Protein, Stearic Acid, Sodium Benzoate, Butylene Glycol, Lactic Acid, Lecithin, Caprylyl Glycol, Ascorbic Acid, Calcium Gluconate, Citric Acid, Gluconolactone, Potassium Sorbate, Geraniol, Jasminum Officinale (Jasmine) Flower Extract, Rosa Damascena Flower Oil, Citronellol, Sodium Hyaluronate, Xanthan Gum, Tocopheryl Acetate, Citral, Hexylene Glycol, Tocopherol, Glyceryl Linoleate, Glyceryl Linolenate, Disodium Edta, Sodium Ascorbyl Phosphate, Retinyl Palmitate, Glyceryl Caprylate, Oleic Acid, Iron Oxides. *100% Natural Fragrance."
Kiehl's Ultra Facial Cleanser (Various Sizes),£10.80,"Aqua/Water, Sodium Laureth Sulfate, Decyl Glucoside, Glycerin, Cocamidopropyl Betaine, Disodium Cocoamphodiacetate, Acrylates Copolymer, PEG-200 Hydrogenated Glyceryl Palmate, Lauryl Glucoside, Sodium Chloride, Pentylene Glycol, Triethanolamine, Phenoxyethanol, PEG-7 Glyceryl Cocoate, Distearyl Ether, Behenyl Alcohol, Methylparaben, Laureth-2, Propylparaben, Sodium Methylparaben, Squalane, Prunus Amygdalus Dulcis Oil/Sweet Almond Oil, Prunus Armeniaca Kernel Oil/Apricot Kernel Oil, Tocopherol, Ascorbyl Glucoside, Persea Gratissima Oil/Avocado Oil, Sodium Hydroxide, Citric Acid."
The Ordinary Niacinamide 10% + Zinc 1% 30ml,£5.00,"Aqua (Water), Niacinamide, Pentylene Glycol, Zinc PCA, Tamarindus Indica Seed Gum, Xanthan Gum, Isoceteth-20, Ethoxydiglycol, Phenoxyethanol, Chlorphenesin."
Perricone MD High Potency Hyaluronic Intensive Serum 59ml,£66.40,"Water/Aqua/Eau, Dimethicone, Butylene Glycol, Niacinamide, Acetyl Glucosamine, Squalane, Sodium Acrylate/Sodium Acryloyldimethyl Taurate Copolymer, Polysilicone-11, Cetearyl Olivate, HDI/Trimethylol Hexyllactone Crosspolymer, Polyisobutene, Sorbitan Olivate, Dimethyl Isosorbide, Polysorbate 20, 1,2-Hexanediol, Caprylyl Glycol, Dimethyl MEA, Hydroxyacetophenone, Citric Acid, Ceramide NP, Caprylyl/Capryl Glucoside, Sorbitan Oleate, Sodium Gluconate, Spermidine, Silica, Sodium Acetylated Hyaluronate, Sodium Hyaluronate, Phenoxyethanol, Phytosphingosine, Sodium Hyaluronate Crosspolymer, Hyaluronic Acid, Ethylhexylglycerin, Acetyl Tetrapeptide-11, Acetyl Tetrapeptide-9, Glycerin, Disodium Acetyl Glucosamine Phosphate, Sodium Glucuronate, Magnesium Sulfate."
Eve Lom Cleanser 200ml,£95.00,"Paraffinum Liquidum (Mineral Oil), Peg-30 Lanolin, Cetearyl Alcohol, Bis-Diglyceryl Polyacyladipate-2, Aluminum Stearate, Theobroma Cacao (Cocoa) Seed Butter, Peg-75 Lanolin, Eugenia Caryophyllus (Clove) Leaf Oil, Humulus Lupulus (Hops) Oil, Chamomilla Recutita (Matricaria) Flower Oil, Eucalyptus Globulus Leaf Oil, BHT."
CeraVe AM Facial Moisturising Lotion SPF50 for Normal to Dry Skin 52ml,£16.50,"Aqua / Water, Glycerin, Isopropyl Palmitate, Bis-Ethylhexyloxyphenol Methoxyphenyl Triazine, Ethylhexyl Salicylate, Niacinamide, Pentylene Glycol, Butyl Methoxydibenzoylmethane, Ethylhexyl Triazone, Propanediol, Zea Mays Starch / Corn Starch, Potassium Cetyl Phosphate, Diisopropyl Sebacate, Oryza Sativa Cera / Rice Bran Wax, Stearic Acid, Ceramide Np, Ceramide Ap, Ceramide Eop, Carbomer, Glyceryl Stearate, Cetearyl Alcohol, Triethanolamine, Behentrimonium Methosulfate, Triethyl Citrate, Sodium Hyaluronate, Sodium Polyacrylate, Sodium Lauroyl Lactylate, Myristic Acid, Cholesterol, Palmitic Acid, Tocopherol, Caprylyl Glycol, Citric Acid, Trisodium Ethylenediamine Disuccinate, Xanthan Gum, Phytosphingosine, Acrylates/C10-30 Alkyl Acrylate Crosspolymer, Butyrospermum Parkii Butter / Shea Butter, Benzoic Acid, Peg-100 Stearate."
Medik8 Crystal Retinal 3 Serum 30ml,£38.70,"Aqua (Water), Caprylic/Capric Triglyceride, Glycerin, Isododecane, Cetearyl Olivate, Sodium Acrylate/Sodium Acryloyldimethyl Taurate Copolymer, Cetearyl Alcohol, PPG-12/SMDI Copolymer, Sorbitan Olivate, Tocopheryl Acetate, Titanium Dioxide, Eclipta Prostrata Extract, Cyclodextrin, Squalane, Hydroxyethyl Acrylate/Sodium Acryloyldimethyl Taurate Copolymer, Phenoxyethanol, Melia Azadirachta Leaf Extract, Hydroxypropyl Methylcellulose, Sodium Hyaluronate, Tetrahexyldecyl Ascorbate, Rubus Chamaemorus (Cloudberry) Seed Oil, Alumina, Isostearic Acid, Lecithin, Polyglyceryl-3 Polyricinoleate, Polyhydroxystearic Acid, Stearic Acid, Pentylene Glycol, Retinal, Moringa Oleifera Seed Oil, Sodium Polyaspartate, Climbazole, Disodium EDTA, Lonicera Japonica (Honeysuckle) Flower Extract, Lonicera Caprifolium (Honeysuckle) Flower Extract, Daucus Carota Sativa (Carrot) Seed Oil, Ethylhexylglycerin, 3-O-Ethyl Ascorbic Acid, Dipteryx Odorata (Tonka) Bean Extract, Hydroxyacetophenone, Polysorbate 60, Sorbitan Isostearate, Vanilla Planifolia (Vanilla) Fruit Extract, Decylene Glycol, 1,2-Hexanediol, BHT, Coumarin."
By Terry Cellularose CC Serum 30ml (Various Shades),£45.75,"Aqua, Glycereth-7, Bis-PEG-18 Methyl Ether Dimethyl Silane, Dimethicone, Butylene Glycol, PEG 7 Methyl Ether, PEG-32, Nylon-12, Boron Nitride, Cyclomethicone, Dimethicone Crosspolymer, Glycerin, Lecithin, Tocopherol, Acrylates/ Palmeth-25 Acrylate Copolymer, Phenoxyethanol, Chlorphenesin, Methylparaben, Ethylparaben, Parfum/ Fragrance, Polymethylsilsesquioxane, Sodium Styrene/Acrylates Copolymer, Potassium Hydroxide, Benzophenone-4, Cyclotetrasiloxane, Helianthus Annuus (Sunflower) Seed Oil, Potassium Sorbate, Xanthan Gum, Geraniol, Papain, BHT, Citronellol, Rosa Alba Flower Extract, 1,2 Hexanediol, Caprylyl Glycol, Carbomer, Rosmarinus Officinalis (Rosemary) Leaf Extract, Eugenol, Algin, May Contain (+/-):, Mica (CL 77019), Titanium Dioxide/CI 77891, Iron Oxides ( CI 77491), Bismuth Oxychloride (CI 77163), Iron Oxides (CI 77492), Iron Oxides (CI 77499), Tin Oxide (CI 77861), Carmine (CI 75470)."
CeraVe Best Sellers Duo,£19.50,"Cleanser: Purified Water, Glycerin, Behentrimonium Methosulfate, Cetearyl Alcohol, Ceramide 3, Ceramide 6-II, Ceramide 1, Hyaluronic Acid, Cholesterol, Polyoxyl 40 Stearate, Glyceryl Monostearate, Stearyl Alcohol, Polysorbate 20, Potassium Phosphate, Dipotassium Phosphate, Sodium Lauroyl Lactylate, Cetyl Alcohol, Disodium EDTA, Phytosphingosine, Carbomer, Xanthan Gum."
Kiehl's Rare Earth Deep Pore Cleansing Masque 125ml,£25.20,"Aqua/Water, Kaolin, Bentonite, Propanediol, Glycerin, CI 77891/Titanium Dioxide, Caprylic/Capric Triglyceride, Cetearyl Alcohol, Zea Mays Starch/Corn Starch, Phenoxyethanol, Ceteareth-20, Caprylyl Glycol, Xanthan Gum, Ethylhexylglycerin, Tocopherol, Lecithin, Aloe Barbadensis/Aloe Barbadensis Leaf Juice, Avena Sativa Flour/Oat Kernel Flour, Allantoin."
PIXI Glow Tonic 250ml (Worth £25.00),£18.00,"Water/Aqua/Eau, Aloe Barbadensis Leaf Juice, Glycolic Acid, Butylene Glycol, Glycerin, Sodium Hydroxide, Hamamelis Virginiana (Witch Hazel) Leaf Extract, Aesculus Hippocastanum (Horse Chestnut) Seed Extract, Hexylene Glycol, Fructose, Glucose, Sucrose, Urea, Dextrin, Alanine, Glutamic Acid, Aspartic Acid, Hexyl Nicotinate, Panax Ginseng Root Extract, Ethylhexylglycerin, Disodium EDTA, Biotin, Panthenol, PPG-26-Buteth-26, PEG-40 Hydrogenated Castor Oil, Phenoxyethanol, Fragrance (Parfum), Caramel, Red 4 (CI 14700)."
La Roche-Posay Toleraine Dermo Cleanser 400ml,£22.00,"609129, Aqua / Water, Ethylhexyl Palmitate, Glycerin, Dipropylene Glycol, Carbomer, Sodium Hydroxide, Capryl Glycol/Caprylyl Glycol, Ethylhexylglycerin, (Code F.I.L: B3089/6)."
DHC Deep Cleansing Oil (Various Sizes),£5.00,"Olea Europaea (Olive) Fruit Oil, Caprylic/Capric Triglyceride, Sorbeth-30 Tetraoleate, Pentylene Glycol, Phenoxyethanol, Tocopherol, Stearyl Glycyrrhetinate, Rosmarinus Officinalis (Rosemary) Leaf Oil."
La Roche-Posay Anthelios UVMune 400 Invisible Fluid Tinted SPF50+ 50ml,£15.92,"Aqua / Water, Alcohol Denat., Triethyl Citrate, Diisopropyl Sebacate, Silica, Ethylhexyl Salicylate, Bis-Ethylhexyloxyphenol Methoxyphenyl Triazine, Ethylhexyl Triazone, Butyl Methoxydibenzoylmethane, Glycerin, Propanediol, C12-22 Alkyl Acrylate/Hydroxyethylacrylate Copolymer, Ci 77891 / Titanium Dioxide, Methoxypropylamino Cyclohexenylidene Ethoxyethylcyanoacetate, Perlite, Tocopherol, Caprylic/Capric Triglyceride, Acrylates/C10-30 Alkyl Acrylate Crosspolymer, Caprylyl Glycol, Ci 77491 / Iron Oxides, Ci 77492 / Iron Oxides, Ci 77499 / Iron Oxides, Diethylamino Hydroxybenzoyl Hexyl Benzoate, Drometrizole Trisiloxane, Hydroxyethylcellulose, Sodium Stearoyl Glutamate, Terephthalylidene Dicamphor Sulfonic Acid, Triethanolamine, Trisodium Ethylenediamine Disuccinate, Parfum / Fragrance."
La Roche-Posay Effaclar Duo+ SPF30 with Niacinamide 40ml,£21.00,"Aqua/Water, Octocrylene, Glycerin, Homosalate, Ethylhexyl Salicylate, Alcohol, Denat., Niacinamide, Butyl, Methoxydi B E Nzoylmethane, Dimethicone, Sorbitan Stearate, Silica, Isopropyllauroyl, Sarcosinate, Styrene/Acrylates."
VICHY Minéral 89 Eye Brightening Serum with Hyaluronic Acid & Caffeine 15ml,£21.50,"Aqua/Water, Propanediol, Butyrospermum Parkii Butter/Shea Butter, Glycerin, Carbomer, Caffeine, Sodium Hyaluronate, Adenosine, Phenoxyethanol, Chlorella Vulgaris Extract, Citric Acid, Caprylyl Glycol, Biosaccharide Gum-1. "
Garnier Ultimate Serum Duo Set,£14.39,"Vitamin C Serum: Aqua / Water, Glycerin, Alcohol, Dipropylene Glycol, Butylene Glycol, Niacinamide, PEG/PPG/Polybutylene, Glycol-8/5/3, Glycerin, Hydroxyethylpiperazine, Ethane Sulfonic Acid, BIS-PEG-18 Methyl Ether, Dimethyl Silane, Isononyl Isononanoate, 3-O-Ethyl Ascorbic Acid, Citrus Junos Fruit Extract, Citrus Limon Fruit Extract / Lemon Fruit Extract, Sodium Citrate, Sodium Hyaluronate, Adenosine, Phenylethyl Resorcinol, Ammonium, Polyacryloyldimethyl Taurate, Disodium EDTA, Hydrogenated Lecithin, Citric Acid, Maltodextrin, Xanthan Gum, Oxothiazolidinecarboxylic Acid, Tocopherol, Tocopheryl Acetate, Salicylic Acid, Phenoxyethanol, Linalool, Geraniol, Limonene, Benzyl Alcohol, Benzyl Salicylate, Parfum / Fragrance (F.I.L Z280802/1)."
La Roche-Posay Anthelios UVMune 400 Invisible Fluid SPF50+ Sun Cream 50ml,£15.92,"Aqua / Water, Alcohol Denat., Triethyl Citrate, Diisopropyl Sebacate, Silica, Ethylhexyl Salicylate, Bis-Ethylhexyloxyphenol Methoxyphenyl Triazine, Ethylhexyl Triazone, Butyl Methoxydibenzoylmethane, Glycerin, Propanediol, C12-22 Alkyl Acrylate/Hydroxyethylacrylate Copolymer, Sodium Citrate, Methoxypropylamino Cyclohexenylidene Ethoxyethylcyanoacetate, Perlite, Tocopherol, Caprylic/Capric Triglyceride, Acrylates/C10-30 Alkyl Acrylate Crosspolymer, Caprylyl Glycol, Citric Acid, Diethylamino Hydroxybenzoyl Hexyl Benzoate, Drometrizole Trisiloxane, Hydroxyethylcellulose, Terephthalylidene Dicamphor Sulfonic Acid, Triethanolamine, Trisodium Ethylenediamine Disuccinate."
VICHY Mineral 89 Hyaluronic Acid Bundle,£46.00,"Face: Aqua / Water / Eau, Peg/Ppg/Polybutylene Glycol-8/5/3 Glycerin, Glycerin, Butylene Glycol, Methyl Gluceth-20, Carbomer, Sodium Hyaluronate, Phenoxyethanol, Caprylyl Glycol, Citric Acid, Biosaccharide Gum-1. Code F.I.L.: D201455/1."
Eve Lom Radiance Essentials Set (Worth £33.50),£20.00,"Cleanser: Paraffinum Liquidum, Peg-30 Lanolin, Cetearyl Alcohol, Bis-Diglyceryl Polyacyladipate-2, Aluminum Stearate, Theobroma Cacao (Cocoa) Seed Butter, Peg-75 Lanolin, Phenoxyethanol, Chamomilla Recutita (Matricaria) Flower Oil, Eucalyptus Globulus Leaf Oil, Eugenia Caryophyllus (Clove) Leaf Oil, Humulus Lupulus (Hops) Cone Oil, Bht, Eugenol, Limonene."
The Ordinary Refine and Hydrate Moisturiser Set,£10.73,Powder: Niacinamide.
The Ordinary Niacinamide 10% + Zinc 1% Supersize Serum 60ml,£9.00,"Aqua (Water), Niacinamide, Pentylene Glycol, Zinc PCA, Tamarindus Indica Seed Gum, Xanthan Gum, Isoceteth-20, Ethoxydiglycol, Phenoxyethanol, Chlorphenesin."
La Roche-Posay Anthelios UVMune 400 Invisible Fluid SPF50+ Sun Cream 50ml,£15.92,"Aqua / Water, Alcohol Denat., Triethyl Citrate, Diisopropyl Sebacate, Silica, Ethylhexyl Salicylate, Bis-Ethylhexyloxyphenol Methoxyphenyl Triazine, Ethylhexyl Triazone, Butyl Methoxydibenzoylmethane, Glycerin, Propanediol, C12-22 Alkyl Acrylate/Hydroxyethylacrylate Copolymer, Sodium Citrate, Methoxypropylamino Cyclohexenylidene Ethoxyethylcyanoacetate, Perlite, Tocopherol, Caprylic/Capric Triglyceride, Acrylates/C10-30 Alkyl Acrylate Crosspolymer, Caprylyl Glycol, Citric Acid, Diethylamino Hydroxybenzoyl Hexyl Benzoate, Drometrizole Trisiloxane, Hydroxyethylcellulose, Terephthalylidene Dicamphor Sulfonic Acid, Triethanolamine, Trisodium Ethylenediamine Disuccinate."
CeraVe Blemish Control Face Cleanser with 2% Salicylic Acid & Niacinamide for Blemish-Prone Skin 236ml,£13.00,"Aqua/Water, Sodium Lauroyl Sarcosinate, Cocamidopropyl Hydroxysultaine, Glycerin, Niacinamide, Salicylic Acid, Gluconolactone, Sodium Methyl Cocoyl Taurate, Peg-150 Pentaerythrityl Tetrastearate, Ceramide Np, Ceramide Ap, Ceramide Eop, Carbomer, Calcium Gluconate, Triethyl Citrate, Sodium Benzoate, Sodium Hydroxide, Sodium Lauroyl Lactylate, Cholesterol, Tetrasodium Edta, Caprylyl Glycol, Hydrolyzed Hyaluronic Acid, Trisodium Ethylenediamine Disuccinate, Xanthan Gum, Hectorite, Phytosphingosine, Benzoic Acid. (Code F.I.L. C274845/2) "
The Ordinary Natural Moisturizing Factors + HA 100ml,£12.80,"Aqua (Water), Caprylic/Capric Triglyceride, Cetyl Alcohol, Propanediol, Stearyl Alcohol, Glycerin, Sodium Hyaluronate, Arginine, Aspartic Acid, Glycine, Alanine, Serine, Valine, Isoleucine, Proline, Threonine, Histidine, Phenylalanine, Glucose, Maltose, Fructose, Trehalose, Sodium PCA, PCA, Sodium Lactate, Urea, Allantoin, Linoleic Acid, Oleic Acid, Phytosteryl Canola Glycerides, Palmitic Acid, Stearic Acid, Lecithin, Triolein, Tocopherol, Carbomer, Isoceteth-20, Polysorbate 60, Sodium Chloride, Citric Acid, Trisodium Ethylenediamine Disuccinate, Pentylene Glycol, Triethanolamine, Sodium Hydroxide, Phenoxyethanol, Chlorphenesin."
La Roche-Posay Cicaplast Balm B5 Multi-Purpose Repairing Balm 40ml,£10.00,Aqua Hydrogenated Polyisobutene Dimethicone Glycerin Butyrospermum Parkii Butter Panthenol Propanediol Butylene Glycol Aluminum Starch Octenylsuccinate Cetyl Peg/Ppg-1/1 Dimethicone Trihydroxystearin Ci 77891 Tocopherol Madecassoside Acetylated Glycol Stearate Magnesium Sulfate Polyglyceryl-4 Isostearate Silica Manganese Gluconate Zinc Gluconate Pentaerythrityl Tetra-Di-T-Butyl Hydroxyhydrocinnamate Capryloyl Glycine Copper Gluconate Disodium Edta Citric Acid Aluminum Hydroxide.
Weleda Skin Food 75ml,£10.47,"Water (Aqua), Helianthus Annuus (Sunflower) Seed Oil, Lanolin, Prunus Amygdalus Dulcis (Sweet Almond) Oil, Beeswax (Cera Alba), Alcohol, Polyglyceryl-3 Polyricinoleate, Glycerin, Limonene*, Viola Tricolor Extract, Fragrance (Parfum)*, Hydrolyzed Beeswax, Sobitan Olivate, Rosmarinus Officinalis (Rosemary) Leaf Extract, Chamomilla Recutita (Matricaria) Flower Extract, Calendula Officinalis Flower Extract, Arginine, Zinc Sulfate, Linalool*, Geraniol*, Citral*, Coumarin*."
The Ordinary Salicylic Acid 2% Solution 30ml,£6.10,"Aqua (Water), Saccharide Isomerate, Cocamidopropyl Dimethylamine, Salicylic Acid, Hydroxyethylcellulose, Polysorbate 20, Citric Acid, Sodium Citrate, Sodium Hydroxide, Phenoxyethanol, Chlorphenesin."
The Ordinary Retinol Serum 1% in Squalane 30ml,£8.50,"Squalane, Caprylic/Capric Triglyceride, Retinol, Solanum Lycopersicum (Tomato) Fruit Extract, Simmondsia Chinensis (Jojoba) Seed Oil, BHT."
Elemis Pro-Collagen Cleansing Balm 100g,£48.00,"Prunus Amygdalus Dulcis (Sweet Almond) Oil, Caprylic/Capric Triglyceride, PEG-6 Caprylic/Capric Glycerides, PEG-8 Beeswax, Cetearyl Alcohol, Sorbitan Stearate, Sambucus Nigra Oil, PEG-60 Almond Glycerides, Silica, Avena Sativa (Oat) Kernel Oil, Triticum Vulgare (Wheat) Germ Oil, Butyrospermum Parkii (Shea Butter), Citrus Aurantium Dulcis (Orange) Peel Wax, Glycerin, Lecithin, Borago Officinalis Seed Oil, Lavandula Angustifolia (Lavender) Oil, Phenoxyethanol, Cocos Nucifera (Coconut) Oil, Linalool, Lavandula Hybrida Oil, Pelargonium Graveolens Flower Oil, Eucalyptus Globulus Leaf Oil, Geraniol, Acacia Decurrens Flower Wax, Rosa Multiflora Flower Wax, Tocopherol, Anthemis Nobilis Flower Oil, Cocoyl Hydrolyzed Collagen, Limonene, Mentha Arvensis Leaf Oil, Simmondsia Chinensis (Jojoba) Seed Oil, Citrus Aurantium Dulcis (Orange) Oil, Fragrance (Parfum), Vitis Vinifera (Grape) Seed Oil, Menthol, Eugenia Caryophyllus (Clove) Leaf Oil, Citral, Padina Pavonica Thallus Extract."
The INKEY List Caffeine Eye Cream 15ml,£9.99,"Water (Aqua / Eau), Glycerin, Dicaprylyl Carbonate, Propanediol, Polyglyceryl-6 Distearate, Cetyl Alcohol, Glyceryl Behenate, Phenoxyethanol, Hydroxyethyl Acrylate/Sodium Acryloyldimethyl Taurate Copolymer, Jojoba Esters, Albizia Julibrissin Bark Extract, Squalane, Caffeine, Polyglyceryl-3 Beeswax, Phospholipids, Ethylhexylglycerin, Xanthan Gum, Glycine Soja (Soybean) Oil, Polysorbate 60, Sodium Phytate, Glycolipids, Sorbitan Isostearate, Butylene Glycol, Citric Acid, Glycine Soja (Soybean) Sterols, Leuconostoc/Radish Root Ferment Filtrate, Hyaluronic Acid, Sodium Benzoate, Tocopherol, Carbomer, Darutoside, Sodium Lactate, Polysorbate 20, Palmitoyl Tetrapeptide-7, Palmitoyl Tripeptide-1."
Embryolisse Lait-Crème Concentré Multi-Purpose Moisturiser 75ml,£15.90,"Aqua. Paraffinum Liquidum. Stearic Acid. Glyceryl Stearate. Triethanolamine. Cera Alba. Cetyl Palmitate. Butyrospermum Parkii. Steareth-10. Polyacrylamide C13-14 Isoparaffin, Laureth-7. Propylene Glycol, Hydrolyzed Soy Protein, Aloe Barbadensis. 1,2-Hexanediol, Caprylyl Glycol. Tropolone. Parfum."
The Ordinary AHA 30% + BHA 2% Peeling Solution 30ml,£8.90,"Glycolic Acid, Aqua (Water), Arginine, Propanediol, Cocamidopropyl Dimethylamine, Triethanolamine, Salicylic Acid, Aminomethyl Propanol, Lactic Acid, Tartaric Acid, Citric Acid, Panthenol, Sodium Hyaluronate Crosspolymer, Tasmannia Lanceolata Fruit/Leaf Extract, Daucus Carota Sativa Extract, Glycerin, Pentylene Glycol, Polysorbate 20, Trisodium Ethylenediamine Disuccinate, Ethylhexylglycerin, 1,2-Hexanediol, Caprylyl Glycol."
The Ordinary 10% Argireline Solution 30ml,£9.20,"Aqua (Water), Propanediol, Acetyl Hexapeptide-8, Trisodium Ethylenediamine Disuccinate, Gellan Gum, Sodium Chloride, Isoceteth-20, Dimethyl Isosorbide, Potassium Sorbate, Phenoxyethanol, Chlorphenesin."
The INKEY List Omega Water Cream 50ml,£7.49,"Water (Aqua / Eau), Dicaprylyl Carbonate, Glycerin, Niacinamide, Propanediol, Betaine, Polyglyceryl-4 Isostearate, Coco-Caprylate/Caprate, Magnesium Sulfate, Glycosphingolipids, Glycolipids, Sodium Benzoate, Disteardimonium Hectorite, Oleic Acid, Potassium Sorbate, Citric Acid, Polyglycerin-3."
CeraVe Hydrating Cleanser with Hyaluronic Acid for Normal to Dry Skin 236ml,£11.50,"Aqua / Water / Eau, Glycerin, Cetearyl Alcohol, Peg-40 Stearate, Stearyl Alcohol, Potassium Phosphate, Ceramide Np, Ceramide Ap, Ceramide Eop, Carbomer, Glyceryl Stearate, Behentrimonium Methosulfate, Sodium Lauroyl Lactylate, Sodium Hyaluronate, Cholesterol, Phenoxyethanol, Disodium Edta, Dipotassium Phosphate, Tocopherol, Phytosphingosine, Xanthan Gum, Cetyl Alcohol, Polysorbate 20, Ethylhexylglycerin."
CeraVe Resurfacing Retinol Serum with Ceramides and Niacinamide for Blemish-Prone Skin 30ml,£21.00,"Aqua/Water/Eau, Propanediol, Dimethicone, Cetearyl Ethylhexanoate, Niacinamide, Ammonium Polyacryloyldimethyl Taurate, Dipotassium Glycyrrhizate, Hydrogenated Lecithin, Potassium Phosphate, Ceramide Np, Ceramide Ap, Ceramide Eop, Carbomer, Cetearyl Alcohol, Behentrimonium Methosulfate, Dimethiconol, Lecithin, Sodium Citrate, Retinol, Sodium Hyaluronate, Sodium Lauroyl Lactylate, Cholesterol, Phenoxyethanol, Alcohol, Isopropyl Myristate, Caprylyl Glycol, Citric Acid, Trisodium Ethylenediamine Disuccinate, Pentylene Glycol, Phytosphingosine, Xanthan Gum, Polysorbate 20, Ethylhexylglycerin."
Kiehl's Ultra Facial Cream (Various Sizes),£25.60,"Aqua/Water, Glycerin, Cyclohexasiloxane, Squalane, Bis-Peg-18 Methyl Ether Dimethyl Silane, Sucrose Stearate, Stearyl Alcohol, Peg-8 Stearate, Myristyl Myristate, Pentaerythrityl Tetraethlhexanoate, Prunus Armeniaca Kernal Oil/Apricot Kernal Oil, Phenoxyethanol, Persea Gratissima Oil/Avocado Oil, Glyceryl Stearate, Cetl Alcohol, Oryza Sativa Bran Oil/Rice Bran Oil, Olea Europaea Fruit Oil/Olive Fruit Oil, Chlorphenesin, Stearic Acid, Palmitic Acid, Disodium Edta, Acrylates/C10-30 Alkyl Acrylate Crosspolymer, Carbomer, Prunus Amygdalus Dulcis Oil/Sweet Almond Oil, Xanthan Gum, Ethylhexylglycerin, Sodium Hydroxide, Tocopherol, Glycine Soja Oil/Soybean Oil, Pseudoalteromonas Ferment Extract, Myristic Acid, Hydroxypalmitol Sphinganine, Bht, Salicylic Acid, Citric Acid."
The INKEY List Salicylic Acid Cleanser 150ml,£8.99,"Aqua (Water), Propanediol, Glycerin, Sodium Methyl Cocoyl Taurate, Cocamidopropyl Betaine, PEG-120 Methyl Glucose Dioleate, Salicylic Acid, PEG-150 Pentaerythrityl Tetrastearate, PEG-6 Caprylic/Capric Glycerides, Betaine, Zinc PCA, Phenoxyethanol, Sodium Chloride, Allantoin, Sodium Hydroxide, Coco-Glucoside, Glyceryl Oleate, Benzyl Alcohol, Coconut Acid, Ethylhexylglycerin, Sodium Benzoate, Citric Acid, Dehydroacetic Acid, Trisodium Ethylenediamine Disuccinate, Tocopherol, Hydrogenated Palm Glycerides Citrate."
"La Roche-Posay Effaclar Duo+M Anti-Blemish Corrective Gel Moisturiser for Oily, Blemish-Prone Skin 40ml",£20.00,"Aqua / Water / Eau, Glycerin, Dimethicone, Isocetyl Stearate, Niacinamide, Isopropyl Lauroyl Sarcosinate, Silica, Ammonium Polyacryloyldimethyl Taurate, Oryza Sativa Starch / Rice Starch, Punica Granatum Pericarp Extract, Potassium Cetyl Phosphate, Sorbitan Oleate, Zinc Pca, Glyceryl Stearate Se, Isohexadecane, Sodium Hydroxide, Myristyl Myristate, 2-Oleamido-1,3-Octadecanediol, Mannose, Poloxamer 338, Propanediol, Hydroxyethoxyphenyl Butanone, Capryloyl Salicylic Acid, Caprylyl Glycol, Vitreoscilla Ferment, Citric Acid, Trisodium Ethylenediamine Disuccinate, Maltodextrin, Xanthan Gum, Pentylene Glycol, Polysorbate 80, Acrylamide/Sodium Acryloyldimethyltaurate Copolymer, Salicylic Acid, Piroctone Olamine, Parfum / Fragrance."
La Roche-Posay Effaclar Clarifying Lotion 200ml,£15.00,Key Ingredients:
CeraVe Moisturising Cream 50ml,£5.00,"Aqua / Water / Eau, Glycerin, Cetearyl Alcohol, Caprylic/Capric Triglyceride, Cetyl Alcohol, Ceteareth-20, Petrolatum, Potassium Phosphate, Ceramide Np, Ceramide Ap, Ceramide Eop, Carbomer, Dimethicone, Behentrimonium Methosulfate, Sodium Lauroyl Lactylate, Sodium Hyaluronate, Cholesterol, Phenoxyethanol, Disodium Edta, Dipotassium Phosphate, Tocopherol, Phytosphingosine, Xanthan Gum, Ethylhexylglycerin."
The Ordinary Caffeine Solution 5% + EGCG 30ml,£8.40,"Aqua (Water), Caffeine, Maltodextrin, Glycerin, Propanediol, Epigallocatechin Gallatyl Glucoside, Gallyl Glucoside, Hyaluronic Acid, Oxidized Glutathione, Melanin, Glycine Soja (Soybean) Seed Extract, Urea, Pentylene Glycol, Hydroxyethylcellulose, Polyacrylate Crosspolymer-6, Xanthan gum, Lactic Acid, Dehydroacetic Acid, Trisodium Ethylenediamine Disuccinate, Propyl Gallate, Dimethyl Isosorbide, Benzyl Alcohol, 1,2-Hexanediol, Ethylhexylglycerin, Phenoxyethanol, Caprylyl Glycol."
CeraVe Hydrating Cleanser 473ml,£17.00,"Aqua/Water, Glycerin, Cetearyl Alcohol, Phenoxyethanol, Stearyl Alcohol, Cetyle Alcohol, Peg-40 Stearate, Behentrimonium Methosulfate, Glyceryl Stearate, Polysorbate 20, Ethlyhexylglycerin, Potassium Phosphate, Disodium Edta, Dipotassium Phosphate, Sodium Lauroyl Lactylate, Ceramide Np, Ceramide Ap, Phytosphingosine, Cholesterol, Sodium Hyaluronate, Xanthum Gum, Carbomer, Tocopherol, Ceramide Eop."
LANEIGE Lip Sleeping Mask - Berry (Original) 20g,£21.00,"Diisostearyl Malate, Hydrogenated Polyisobutene, Phyto-Steryl/Isostearyl/Cetyl/Stearyl/Behenyl Dimer Dilinoleate, Hydrogenated Poly(C6-14 Olefin), Polybutene, Microcrystalline Wax / Cera Microcristallina / Cire Microcri[1]Stalline, Butyrospermum Parkii (Shea) Butter, Synthetic Wax, Ethylene/Propylene/ Styrene Copolymer, Sucrose Tetrastearate Triacetate, Mica, Euphorbia Cerifera (Candelilla) Wax / Euphorbia Cerifera Cera / Cire De Candelilla, Candelilla Wax Esters, Astrocaryum Murumuru Seed Butter, Titanium Dioxide (Ci 77891), Fragrance / Parfum, Glyceryl Caprylate, Polyglyceryl-2 Diisostearate, Butylene/Ethylene/Styrene Copolymer, Copernicia Cerifera (Carnauba) Wax / Copernicia Cerifera Cera / Cire De Carnauba, Methicone, Polyglyceryl-2 Triisostearate, Cocos Nucifera (Coconut) Oil, Yellow 6 Lake (Ci 15985), Pentaerythrityl Tetra-Di-T-Butyl Hydroxyhydrocinnamate, Red 6 (Ci 15850), Ascorbic Acid, Water / Aqua / Eau, Glycerin, Propanediol, Bht, Punica Granatum Fruit Juice, Rubus Idaeus (Raspberry) Juice, Vitis Vinifera (Grape) Juice."
"Garnier 3.5% Vitamin C, Niacinamide, Salicylic Acid, Brightening and Anti Dark Spot Serum 30ml",£8.70,"Aqua / Water, Glycerin, Alcohol, Dipropylene Glycol, Butylene Glycol, Niacinamide, PEG/PPG/Polybutylene, Glycol-8/5/3, Glycerin, Hydroxyethylpiperazine, Ethane Sulfonic Acid, BIS-PEG-18 Methyl Ether, Dimethyl Silane, Isononyl Isononanoate, 3-O-Ethyl Ascorbic Acid, Citrus Junos Fruit Extract, Citrus Limon Fruit Extract / Lemon Fruit Extract, Sodium Citrate, Sodium Hyaluronate, Adenosine, Phenylethyl Resorcinol, Ammonium, Polyacryloyldimethyl Taurate, Disodium EDTA, Hydrogenated Lecithin, Citric Acid, Maltodextrin, Xanthan Gum, Oxothiazolidinecarboxylic Acid, Tocopherol, Tocopheryl Acetate, Salicylic Acid, Phenoxyethanol, Linalool, Geraniol, Limonene, Benzyl Alcohol, Benzyl Salicylate, Parfum / Fragrance (F.I.L Z280802/1)."
The Ordinary Glycolic Acid 7% Exfoliating Toner 100ml,£7.70,"Aqua (Water), Glycolic Acid, Rosa Damascena Flower Water, Centaurea Cyanus Flower Water, Aloe Barbadensis Leaf Water, Propanediol, Glycerin, Triethanolamine, Aminomethyl Propanol, Panax Ginseng Root Extract, Tasmannia Lanceolata Fruit/Leaf Extract, Aspartic Acid, Alanine, Glycine, Serine, Valine, Isoleucine, Proline, Threonine, Histidine, Phenylalanine, Glutamic Acid, Arginine, Pca, Sodium Pca, Sodium Lactate, Fructose, Glucose, Sucrose, Urea, Hexyl Nicotinate, Dextrin, Citric Acid, Polysorbate 20, Gellan Gum, Trisodium Ethylenediamine Disuccinate, Sodium Chloride, Hexylene Glycol, Potassium Sorbate, Sodium Benzoate, 1,2-Hexanediol, Caprylyl Glycol."
"La Roche-Posay Effaclar Purifying Foaming Gel Cleanser for Oily, Blemish-Prone Skin 400ml",£22.00,"Aqua / Water, Sodium Laureth Sulfate, Peg-8, Coco-Betaine, Hexylene Glycol, Sodium Chloride, Peg-12 Methyl Glucose Dioleate, Zinc Pca, Sodium Hydroxide, Caprylyl Glycol, Citric Acid, Sodium Benzoate, Phenoxyethanol, Parfum / Fragrance."
CeraVe PM Facial Moisturising Lotion with Ceramides for Normal to Dry Skin 52ml,£15.50,"Aqua/Water, Glycerin, Caprylic/Capric Triglyceride, Niacinamide, Cetearyl Alcohol, Dimethicone, Phenoxyethanol, Ceteareth-20, Behentrimonium Methosulfate, Caprylyl Glycol, Polyglyceryl-3, Diisostearate, Sodium Lauroyl Lactylate, Potassium Phosphate, Disodium Edta, Dipotassium Phosphate, Ceramide Np, Ceramide Ap, Phytophingosine, Cholesterol, Xanthan Gum, Carbomer, Ethylhexylglycerin, Sodium Hyaluronate, Ceramide Eop. "
Medik8 Advanced Night Restore,£46.70,"Aqua (Water), Squalane, Caprylic/Capric Triglyceride, Dimethicone, Glycerin, Stearic Acid, Phytosterols, Propylene Glycol, C12-16 Alcohols, Sodium Acrylate/Sodium Acryloyldimethyl Taurate Copolymer, Cetearyl Alcohol, Palmitic Acid, Ceramide NP, Cetearyl Olivate, Linoleic Acid, Behenyl Alcohol, Hydrogenated Lecithin, Tocopheryl Acetate, Sorbitan Olivate, Phenoxyethanol, Benzyl Alcohol, Amelanchier Alnifolia (Saskatoon) Fruit Extract, Ethylhexylglycerin, Acetyl Glucosamine, Citric Acid, Sorbitol, Rosmarinus Officinalis (Rosemary) Leaf Oil, Citrus Aurantium Amara Flower Oil, Lavandula Angustifolia (Lavender) Herb Oil, Citrus Aurantium Dulcis (Orange) Peel Oil, Hylocereus Undatus (Dragon Fruit) Fruit Extract, Dehydroacetic Acid, Tremella Fuciformis (Snow Mushroom) Extract, Sodium Lauroyl Lactylate, Anthemis Nobilis (Chamomile) Flower Oil, Pogostemon Cablin (Patchouli) Leaf Oil, Vetiveria Zizanoides (Vetiver) Root Oil, Ascorbic Acid, Disodium EDTA, Ceramide AP, Ceteareth-25, Phytosphingosine, Cholesterol, Xanthan Gum, Carbomer, Cetyl Alcohol, Behenic Acid, Ceramide NS, Ferric Hexapeptide-35, Ceramide EOP, Ceramide EOS, Caprooyl Phytosphingosine, Caprooyl Sphingosine, Ascorbyl Palmitate, Tocopherol, Geraniol, Limonene, Linalool."
The Ordinary Matrixyl 10% + HA High Strength Peptide Formulation 30ml,£10.40,
Kiehl's Creamy Eye Treatment with Avocado (Various Sizes),£24.00,"Aqua/Water,Butyrospermum ParkiiButter/Shea Butter, ButyleneGlycol, Tridecyl Stearate,Isodecyl Salicylate, Peg-30,Dipolyhydroxystearate, Tridecyl Trimellitate, Persea Gratissima Oil/Avocado Oil, Isocetyl Stearoyl Stearate, Propylene Glycol, Dipentaerythrityl Hexacaprylate/Hexacaprate, Sorbitan Sesquioleate, Magnesium Sulfate, Phenoxyethanol, Hydrogenated Castor Oil, Sodium Pca, Ozokerite, Methylparaben, Tocopheryl Acetate, Isopropyl Palmitate, Disodium Edta, Copper Pca, Butylparaben, Ethylparaben, Propylparaben, Helianthus Annuus Seed Oil/Sunflower Seed Oil, Ci 75130/Beta-Carotene, Tocopherol, Citric Acid."
COSRX AC Collection Acne Patch (26 Patches),£5.59,"Carboxymethylcellulose Sodium, Polyisobutene, Rosin, Polybutene, Mineral Oil, Centella Asiatica Extract, Polyuethane Film."
CeraVe Moisturising Lotion for Dry to Very Dry Skin 473ml,£16.50,"Aqua/Water, Glycerin, Caprylic/Capric Triglyceride, Cetearyl Alcohol, Cetyl Alcohol, Dimethicone, Phenoxyethanol, Polysorbate 20, Ceteareth-20, Behentrimonium Methosulfate, Polyglyceryl-3 Diisostearate, Sodium Lauroyl Lactylate, Ethylhexylglycerin, Potassium Phosphate, Disodium Edta, Dipotassium Phosphate, Ceramide Np, Ceramide Ap, Phytosphingosine, Cholesterol, Xanthan, Gum, Carbomer, Sodium Hyaluronate, Tocopherol, Ceramide Eop (Code F.I.L. D213778/1)."
"CeraVe SA Smoothing Cleanser with Salicylic Acid for Dry, Rough & Bumpy Skin 236ml",£14.00,"Aqua/Water, Sodium Lauroyl Sarcosinate, Cocamidopropyl Hydroxysultaine, Glycerin, Niacinamide, Gluconolactone, Sodium Methyl Cocoyl Taurate, Peg-150 Pentaerythrityl Tetrastearate, Ceramide Np, Ceramide Ap, Ceramide Eop, Carbomer, Calcium Gluconate, Salicylic Acid, Sodium Benzoate, Sodium Lauroyl Lactylate, Cholesterol, Phenoxyethanol, Disodium Edta, Tetrasodium Edta, Hydrolyzed Hyaluronic Acid, Phytosphingosine, Xanthan Gum, Ethylhexylglycerin (Code F.I.L. D235671/1)."
CeraVe Foaming Cleanser with Niacinamide for Normal to Oily Skin 236ml,£11.50,"Aqua / Water, Cocamidopropyl Hydroxysultaine, Sodium Lauroyl Sarcosinate, Propanediol, Peg-150 Pentaerythrityl Tetrastearate, Peg-6 Caprylic/ Capric Glycerides, Glycerin, Ceramide Np, Ceramide Ap, Ceramide Eop, Carbomer, Niacinamide, Sodium Methyl Cocoyl Taurate, Sodium Benzoate, Sodium Chloride, Sodium Lauroyl Lactylate, Sodium Hyaluronate, Cholesterol, Phenoxyethanol, Disodium Edta, Citric Acid, Tetrasodium Edta, Phytosphingosine, Xanthan Gum, Ethylhexylglycerin (Code F.I.L. D250307/1)."
CeraVe Moisturising Cream Pot with Ceramides for Dry to Very Dry Skin 454g,£17.00,"Aqua/Water, Glycerin, Cetearyl Alcohol, Caprylic/Capric Triglyceride, Cetyl Alcohol, Ceteareth-20, Petrolatum, Potassium Phosphate, Ceramide Np, Ceramide Ap, Ceramide Eop, Carbomer, Dimethicone, Behentrimonium Methosulfate, Sodium Lauroyl Lactylate, Sodium Hyaluronate, Cholesterol, Phenoxyethanol, Disodium Edta, Dipotassium Phosphate, Tocopherol, Phytosphingosine, Xanthan Gum, Ethylhexylglycerin (Code F.I.L. D213768/2)."
The Ordinary Retinol Serum 0.5% in Squalane 30ml,£7.80,"Squalane, Caprylic/Capric Triglyceride, Retinol, Solanum Lycopersicum (Tomato) Fruit Extract, Simmondsia Chinensis (Jojoba) Seed Oil, BHT."
